{"cameraMode":{"drawMode":0,"name":"Shaded","section":"Shading Mode"},"sceneLighting":false,"audioPlay":false,"sceneViewState":{"m_AlwaysRefresh":true,"showFog":true,"showSkybox":false,"showFlares":true,"showImageEffects":true,"showParticleSystems":true,"showVisualEffectGraphs":true,"m_FxEnabled":true},"in2DMode":false,"pivot":{"x":1.127062201499939,"y":0.20588329434394837,"z":-0.015869837254285814},"rotation":{"x":0.01572835072875023,"y":0.7476370334625244,"z":0.017714854329824449,"w":-0.6637306809425354},"size":1.0936636924743653,"orthographic":false}